<?xml version="1.0" encoding="UTF-8"?>
<project-private xmlns="http://www.netbeans.org/ns/project-private/1">
    <editor-bookmarks xmlns="http://www.netbeans.org/ns/editor-bookmarks/2" lastBookmarkId="0"/>
    <open-files xmlns="http://www.netbeans.org/ns/projectui-open-files/2">
        <group>
            <file>file:/C:/Users/dam11.AULA1/Documents/NetBeansProjects/pruebas2000/AgendaElectronica2000/src/accesoDatos/Contacto.java</file>
            <file>file:/C:/Users/dam11.AULA1/Documents/NetBeansProjects/pruebas2000/AgendaElectronica2000/src/accesoDatos/AccesoDatos.java</file>
            <file>file:/C:/Users/dam11.AULA1/Documents/NetBeansProjects/pruebas2000/AgendaElectronica2000/src/logicaNegocio/Validar.java</file>
            <file>file:/C:/Users/dam11.AULA1/Documents/NetBeansProjects/pruebas2000/AgendaElectronica2000/src/interfazUsuario/Interface.java</file>
            <file>file:/C:/Users/dam11.AULA1/Documents/NetBeansProjects/pruebas2000/AgendaElectronica2000/src/accesoDatos/Utilidades.java</file>
            <file>file:/C:/Users/dam11.AULA1/Documents/NetBeansProjects/pruebas2000/AgendaElectronica2000/src/logicaNegocio/LogicaNegocio.java</file>
        </group>
    </open-files>
</project-private>
